{"cameraMode":{"drawMode":0,"name":"Shaded","section":"Shading Mode"},"sceneLighting":false,"audioPlay":false,"sceneViewState":{"m_AlwaysRefresh":false,"showFog":true,"showSkybox":false,"showFlares":true,"showImageEffects":true,"showParticleSystems":true,"showVisualEffectGraphs":true,"m_FxEnabled":true},"in2DMode":false,"pivot":{"x":-28.498191833496095,"y":21.73533058166504,"z":0.8244115710258484},"rotation":{"x":-0.17597201466560365,"y":0.046061065047979358,"z":-0.013774027116596699,"w":-0.9832205176353455},"size":57.83811950683594,"orthographic":false}