{"cameraMode":{"drawMode":0,"name":"Shaded","section":"Shading Mode"},"sceneLighting":false,"audioPlay":false,"sceneViewState":{"m_AlwaysRefresh":false,"showFog":true,"showSkybox":false,"showFlares":true,"showImageEffects":true,"showParticleSystems":true,"showVisualEffectGraphs":true,"m_FxEnabled":true},"in2DMode":false,"pivot":{"x":5.188573360443115,"y":-13.815847396850586,"z":-32.600704193115237},"rotation":{"x":0.29629239439964297,"y":0.06383194029331207,"z":-0.019857166334986688,"w":0.9527678489685059},"size":30.042293548583986,"orthographic":false}