{"cameraMode":{"drawMode":0,"name":"Shaded","section":"Shading Mode"},"sceneLighting":false,"audioPlay":false,"sceneViewState":{"m_AlwaysRefresh":false,"showFog":true,"showSkybox":false,"showFlares":true,"showImageEffects":true,"showParticleSystems":true,"showVisualEffectGraphs":true,"m_FxEnabled":true},"in2DMode":false,"pivot":{"x":-68.76753997802735,"y":4.106527805328369,"z":-28.7874813079834},"rotation":{"x":0.1330849677324295,"y":0.021703345701098443,"z":-0.0027974576223641636,"w":0.9909530878067017},"size":25.983701705932618,"orthographic":false}