{"cameraMode":{"drawMode":0,"name":"Shaded","section":"Shading Mode"},"sceneLighting":false,"audioPlay":false,"sceneViewState":{"m_AlwaysRefresh":false,"showFog":true,"showSkybox":false,"showFlares":true,"showImageEffects":true,"showParticleSystems":true,"showVisualEffectGraphs":true,"m_FxEnabled":true},"in2DMode":false,"pivot":{"x":4.487688064575195,"y":0.4231870174407959,"z":-16.384109497070314},"rotation":{"x":0.10512786358594895,"y":0.015798933804035188,"z":-0.0023048026487231256,"w":0.9946856498718262},"size":40.043819427490237,"orthographic":false}