{"cameraMode":{"drawMode":0,"name":"Shaded","section":"Shading Mode"},"sceneLighting":false,"audioPlay":false,"sceneViewState":{"m_AlwaysRefresh":false,"showFog":true,"showSkybox":false,"showFlares":true,"showImageEffects":true,"showParticleSystems":true,"showVisualEffectGraphs":true,"m_FxEnabled":true},"in2DMode":false,"pivot":{"x":12.836358070373536,"y":-322.3768615722656,"z":138.3092041015625},"rotation":{"x":0.5132703185081482,"y":0.0020704620983451607,"z":-0.0014166225446388126,"w":0.8585800528526306},"size":220.46914672851563,"orthographic":false}