{"cameraMode":{"drawMode":0,"name":"Shaded","section":"Shading Mode"},"sceneLighting":false,"audioPlay":false,"sceneViewState":{"m_AlwaysRefresh":false,"showFog":true,"showSkybox":false,"showFlares":true,"showImageEffects":true,"showParticleSystems":true,"showVisualEffectGraphs":true,"m_FxEnabled":true},"in2DMode":false,"pivot":{"x":-13.62293815612793,"y":31.523399353027345,"z":268.2022705078125},"rotation":{"x":0.06627777963876724,"y":-0.013978890143334866,"z":0.0007734138634987176,"w":0.9980133175849915},"size":256.442626953125,"orthographic":false}