{"cameraMode":{"drawMode":0,"name":"Shaded","section":"Shading Mode"},"sceneLighting":false,"audioPlay":false,"sceneViewState":{"m_AlwaysRefresh":false,"showFog":true,"showSkybox":false,"showFlares":true,"showImageEffects":true,"showParticleSystems":true,"showVisualEffectGraphs":true,"m_FxEnabled":true},"in2DMode":false,"pivot":{"x":50.606319427490237,"y":-113.89817810058594,"z":262.6625061035156},"rotation":{"x":0.19905970990657807,"y":0.09489388018846512,"z":-0.019521892070770265,"w":0.9755017161369324},"size":182.16680908203126,"orthographic":false}