{"cameraMode":{"drawMode":0,"name":"Shaded","section":"Shading Mode"},"sceneLighting":false,"audioPlay":false,"sceneViewState":{"m_AlwaysRefresh":false,"showFog":true,"showSkybox":false,"showFlares":true,"showImageEffects":true,"showParticleSystems":true,"showVisualEffectGraphs":true,"m_FxEnabled":true},"in2DMode":false,"pivot":{"x":40.86690902709961,"y":-112.87167358398438,"z":265.0204162597656},"rotation":{"x":0.19905970990657807,"y":0.09489388018846512,"z":-0.019521892070770265,"w":0.9755017161369324},"size":217.23731994628907,"orthographic":false}