{"cameraMode":{"drawMode":0,"name":"Shaded","section":"Shading Mode"},"sceneLighting":false,"audioPlay":false,"sceneViewState":{"m_AlwaysRefresh":false,"showFog":true,"showSkybox":false,"showFlares":true,"showImageEffects":true,"showParticleSystems":true,"showVisualEffectGraphs":true,"m_FxEnabled":true},"in2DMode":false,"pivot":{"x":-1.1877468824386597,"y":-3.7385129928588869,"z":-31.949472427368165},"rotation":{"x":0.1718495935201645,"y":-0.04645664989948273,"z":0.007477726321667433,"w":0.9843596816062927},"size":12.116480827331543,"orthographic":false}