{"cameraMode":{"drawMode":0,"name":"Shaded","section":"Shading Mode"},"sceneLighting":true,"audioPlay":false,"sceneViewState":{"m_AlwaysRefresh":false,"showFog":true,"showSkybox":true,"showFlares":true,"showImageEffects":true,"showParticleSystems":true,"showVisualEffectGraphs":true,"m_FxEnabled":true},"in2DMode":false,"pivot":{"x":-159.27688598632813,"y":381.1661376953125,"z":273.6994323730469},"rotation":{"x":0.31160181760787966,"y":-0.00043231708696112037,"z":0.00031280083931051195,"w":0.9504372477531433},"size":571.0333251953125,"orthographic":false}