{"cameraMode":{"drawMode":0,"name":"Shaded","section":"Shading Mode"},"sceneLighting":true,"audioPlay":false,"sceneViewState":{"m_AlwaysRefresh":false,"showFog":true,"showSkybox":true,"showFlares":true,"showImageEffects":true,"showParticleSystems":true,"showVisualEffectGraphs":true,"m_FxEnabled":true},"in2DMode":false,"pivot":{"x":5.659847259521484,"y":-11.038111686706543,"z":35.93339920043945},"rotation":{"x":0.17345169186592103,"y":0.1291467845439911,"z":-0.022780606523156167,"w":0.9762880206108093},"size":23.95412254333496,"orthographic":false}