{"cameraMode":{"drawMode":0,"name":"Shaded","section":"Shading Mode"},"sceneLighting":true,"audioPlay":false,"sceneViewState":{"m_AlwaysRefresh":false,"showFog":true,"showSkybox":true,"showFlares":true,"showImageEffects":true,"showParticleSystems":true,"showVisualEffectGraphs":true,"m_FxEnabled":true},"in2DMode":false,"pivot":{"x":-4.74769926071167,"y":13.365056991577149,"z":-7.377296447753906},"rotation":{"x":0.38445210456848147,"y":0.16293157637119294,"z":-0.034379974007606509,"w":0.9093309044837952},"size":0.0008877353393472731,"orthographic":false}