{"cameraMode":{"drawMode":0,"name":"Shaded","section":"Shading Mode"},"sceneLighting":true,"audioPlay":false,"sceneViewState":{"m_AlwaysRefresh":false,"showFog":true,"showSkybox":true,"showFlares":true,"showImageEffects":true,"showParticleSystems":true,"showVisualEffectGraphs":true,"m_FxEnabled":true},"in2DMode":false,"pivot":{"x":9.138534545898438,"y":50.646183013916019,"z":35.27937316894531},"rotation":{"x":0.4356398582458496,"y":-0.06393124163150788,"z":0.030786054208874704,"w":0.8976590633392334},"size":222.66319274902345,"orthographic":false}