{"cameraMode":{"drawMode":0,"name":"Shaded","section":"Shading Mode"},"sceneLighting":true,"audioPlay":false,"sceneViewState":{"m_AlwaysRefresh":false,"showFog":true,"showSkybox":true,"showFlares":true,"showImageEffects":true,"showParticleSystems":true,"showVisualEffectGraphs":true,"m_FxEnabled":true},"in2DMode":false,"pivot":{"x":-15.848332405090332,"y":52.908695220947269,"z":159.83285522460938},"rotation":{"x":0.18228735029697419,"y":0.1531689465045929,"z":-0.0051799495704472069,"w":0.9721386432647705},"size":14.142841339111329,"orthographic":false}