{"cameraMode":{"drawMode":0,"name":"Shaded","section":"Shading Mode"},"sceneLighting":true,"audioPlay":false,"sceneViewState":{"m_AlwaysRefresh":false,"showFog":true,"showSkybox":true,"showFlares":true,"showImageEffects":true,"showParticleSystems":true,"showVisualEffectGraphs":true,"m_FxEnabled":true},"in2DMode":false,"pivot":{"x":-23.279064178466798,"y":14.066766738891602,"z":70.04664611816406},"rotation":{"x":0.03531603515148163,"y":-0.08767770975828171,"z":0.0066170962527394299,"w":0.9960189461708069},"size":314.5849609375,"orthographic":false}