{"cameraMode":{"drawMode":0,"name":"Shaded","section":"Shading Mode"},"sceneLighting":true,"audioPlay":false,"sceneViewState":{"m_AlwaysRefresh":false,"showFog":true,"showSkybox":true,"showFlares":true,"showImageEffects":true,"showParticleSystems":true,"showVisualEffectGraphs":true,"m_FxEnabled":true},"in2DMode":false,"pivot":{"x":-6.669889450073242,"y":3.5352020263671877,"z":19.983896255493165},"rotation":{"x":0.040676549077034,"y":0.14130109548568726,"z":0.0000012232322887939518,"w":0.9898644685745239},"size":3.732642650604248,"orthographic":false}