{"cameraMode":{"drawMode":0,"name":"Shaded","section":"Shading Mode"},"sceneLighting":true,"audioPlay":false,"sceneViewState":{"m_AlwaysRefresh":false,"showFog":true,"showSkybox":true,"showFlares":true,"showImageEffects":true,"showParticleSystems":true,"showVisualEffectGraphs":true,"m_FxEnabled":true},"in2DMode":false,"pivot":{"x":56.80345153808594,"y":-113.34210205078125,"z":478.02764892578127},"rotation":{"x":0.2549876272678375,"y":0.06187402084469795,"z":-0.016210505738854409,"w":0.9650557041168213},"size":255.63137817382813,"orthographic":false}