{"cameraMode":{"drawMode":0,"name":"Shaded","section":"Shading Mode"},"sceneLighting":true,"audioPlay":false,"sceneViewState":{"m_AlwaysRefresh":false,"showFog":true,"showSkybox":true,"showFlares":true,"showImageEffects":true,"showParticleSystems":true,"showVisualEffectGraphs":true,"m_FxEnabled":true},"in2DMode":false,"pivot":{"x":2.3441760540008547,"y":4.702028274536133,"z":8.689847946166993},"rotation":{"x":0.03702469542622566,"y":-0.9144202470779419,"z":0.09794139117002487,"w":0.3922182619571686},"size":0.06597612798213959,"orthographic":false}