{"cameraMode":{"drawMode":0,"name":"Shaded","section":"Shading Mode"},"sceneLighting":true,"audioPlay":false,"sceneViewState":{"m_AlwaysRefresh":false,"showFog":true,"showSkybox":true,"showFlares":true,"showImageEffects":true,"showParticleSystems":true,"showVisualEffectGraphs":true,"m_FxEnabled":true},"in2DMode":false,"pivot":{"x":1.9525645971298218,"y":-7.796419143676758,"z":40.539024353027347},"rotation":{"x":-0.1431766003370285,"y":-0.027204962447285653,"z":0.005357674788683653,"w":-0.9896612763404846},"size":25.62567901611328,"orthographic":false}