{"cameraMode":{"drawMode":0,"name":"Shaded","section":"Shading Mode"},"sceneLighting":true,"audioPlay":false,"sceneViewState":{"m_AlwaysRefresh":false,"showFog":true,"showSkybox":true,"showFlares":true,"showImageEffects":true,"showParticleSystems":true,"showVisualEffectGraphs":true,"m_FxEnabled":true},"in2DMode":false,"pivot":{"x":-1.6515659093856812,"y":13.45737075805664,"z":0.4967067241668701},"rotation":{"x":0.20244519412517548,"y":-0.004716421011835337,"z":0.0038472109008580448,"w":0.9798828363418579},"size":12.12435531616211,"orthographic":false}