{"cameraMode":{"drawMode":0,"name":"Shaded","section":"Shading Mode"},"sceneLighting":true,"audioPlay":false,"sceneViewState":{"m_AlwaysRefresh":false,"showFog":true,"showSkybox":true,"showFlares":true,"showImageEffects":true,"showParticleSystems":true,"showVisualEffectGraphs":true,"m_FxEnabled":true},"in2DMode":false,"pivot":{"x":-5.8953633308410648,"y":-73.96153259277344,"z":128.34066772460938},"rotation":{"x":-0.28583547472953799,"y":0.002245330950245261,"z":-0.006359553895890713,"w":-0.9584173560142517},"size":94.4715347290039,"orthographic":false}