{"cameraMode":{"drawMode":0,"name":"Shaded","section":"Shading Mode"},"sceneLighting":true,"audioPlay":false,"sceneViewState":{"m_AlwaysRefresh":false,"showFog":true,"showSkybox":true,"showFlares":true,"showImageEffects":true,"showParticleSystems":true,"showVisualEffectGraphs":true,"m_FxEnabled":true},"in2DMode":false,"pivot":{"x":0.10078562051057816,"y":1.8120065927505494,"z":2.933595657348633},"rotation":{"x":-0.09019250422716141,"y":-0.0017678315052762628,"z":-0.036050908267498019,"w":-0.9965813755989075},"size":3.8583571910858156,"orthographic":false}