{"cameraMode":{"drawMode":0,"name":"Shaded","section":"Shading Mode"},"sceneLighting":false,"audioPlay":false,"sceneViewState":{"m_AlwaysRefresh":false,"showFog":true,"showSkybox":false,"showFlares":true,"showImageEffects":true,"showParticleSystems":true,"showVisualEffectGraphs":true,"m_FxEnabled":true},"in2DMode":false,"pivot":{"x":2.047966241836548,"y":1.8141907453536988,"z":-6.585921764373779},"rotation":{"x":0.21061082184314729,"y":0.23861362040042878,"z":-0.046909864991903308,"w":0.9476038217544556},"size":3.001391887664795,"orthographic":false}