{"cameraMode":{"drawMode":0,"name":"Shaded","section":"Shading Mode"},"sceneLighting":false,"audioPlay":false,"sceneViewState":{"m_AlwaysRefresh":false,"showFog":true,"showSkybox":false,"showFlares":true,"showImageEffects":true,"showParticleSystems":true,"showVisualEffectGraphs":true,"m_FxEnabled":true},"in2DMode":false,"pivot":{"x":-5.5433173179626469,"y":9.279391288757325,"z":-12.483367919921875},"rotation":{"x":-0.09627839177846909,"y":0.04604927822947502,"z":-0.01363589521497488,"w":-0.9947748184204102},"size":18.408924102783204,"orthographic":false}