{"cameraMode":{"drawMode":0,"name":"Shaded","section":"Shading Mode"},"sceneLighting":false,"audioPlay":false,"sceneViewState":{"m_AlwaysRefresh":false,"showFog":true,"showSkybox":false,"showFlares":true,"showImageEffects":true,"showParticleSystems":true,"showVisualEffectGraphs":true,"m_FxEnabled":true},"in2DMode":false,"pivot":{"x":5.573905944824219,"y":-7.093292713165283,"z":-24.212108612060548},"rotation":{"x":0.24638859927654267,"y":-0.019482029601931573,"z":0.004950772505253553,"w":0.968974769115448},"size":37.995391845703128,"orthographic":false}