{"cameraMode":{"drawMode":0,"name":"Shaded","section":"Shading Mode"},"sceneLighting":false,"audioPlay":false,"sceneViewState":{"m_AlwaysRefresh":false,"showFog":true,"showSkybox":false,"showFlares":true,"showImageEffects":true,"showParticleSystems":true,"showVisualEffectGraphs":true,"m_FxEnabled":true},"in2DMode":false,"pivot":{"x":0.32887089252471926,"y":4.677144527435303,"z":-18.01825714111328},"rotation":{"x":0.24638859927654267,"y":-0.019482029601931573,"z":0.004950772505253553,"w":0.968974769115448},"size":27.734777450561525,"orthographic":false}