{"cameraMode":{"drawMode":0,"name":"Shaded","section":"Shading Mode"},"sceneLighting":false,"audioPlay":false,"sceneViewState":{"m_AlwaysRefresh":false,"showFog":true,"showSkybox":false,"showFlares":true,"showImageEffects":true,"showParticleSystems":true,"showVisualEffectGraphs":true,"m_FxEnabled":true},"in2DMode":false,"pivot":{"x":-0.7463196516036987,"y":-3.100836753845215,"z":-41.454856872558597},"rotation":{"x":0.27539360523223879,"y":-0.003462516237050295,"z":0.0009917202405631543,"w":0.9613270163536072},"size":16.29933738708496,"orthographic":false}