{"cameraMode":{"drawMode":0,"name":"Shaded","section":"Shading Mode"},"sceneLighting":false,"audioPlay":false,"sceneViewState":{"m_AlwaysRefresh":false,"showFog":true,"showSkybox":false,"showFlares":true,"showImageEffects":true,"showParticleSystems":true,"showVisualEffectGraphs":true,"m_FxEnabled":true},"in2DMode":false,"pivot":{"x":-0.17095895111560822,"y":-0.2555484175682068,"z":-38.032047271728519},"rotation":{"x":0.1790262758731842,"y":-0.0079719303175807,"z":0.001447163405828178,"w":0.9838224053382874},"size":19.691909790039064,"orthographic":false}