{"cameraMode":{"drawMode":0,"name":"Shaded","section":"Shading Mode"},"sceneLighting":false,"audioPlay":false,"sceneViewState":{"m_AlwaysRefresh":false,"showFog":true,"showSkybox":false,"showFlares":true,"showImageEffects":true,"showParticleSystems":true,"showVisualEffectGraphs":true,"m_FxEnabled":true},"in2DMode":false,"pivot":{"x":-5.513341426849365,"y":-4.906327724456787,"z":-35.642704010009769},"rotation":{"x":0.13453985750675202,"y":0.027640219777822496,"z":-0.003757635597139597,"w":0.990526556968689},"size":21.188690185546876,"orthographic":false}