{"cameraMode":{"drawMode":0,"name":"Shaded","section":"Shading Mode"},"sceneLighting":false,"audioPlay":false,"sceneViewState":{"m_AlwaysRefresh":false,"showFog":true,"showSkybox":false,"showFlares":true,"showImageEffects":true,"showParticleSystems":true,"showVisualEffectGraphs":true,"m_FxEnabled":true},"in2DMode":false,"pivot":{"x":-9.066067695617676,"y":-7.027320861816406,"z":3.5598433017730715},"rotation":{"x":0.09117940068244934,"y":-0.06478404253721237,"z":0.005944083910435438,"w":0.9937102198600769},"size":66.03028869628906,"orthographic":false}