{"cameraMode":{"drawMode":0,"name":"Shaded","section":"Shading Mode"},"sceneLighting":false,"audioPlay":false,"sceneViewState":{"m_AlwaysRefresh":false,"showFog":true,"showSkybox":false,"showFlares":true,"showImageEffects":true,"showParticleSystems":true,"showVisualEffectGraphs":true,"m_FxEnabled":true},"in2DMode":false,"pivot":{"x":-2.8086814880371095,"y":5.871784210205078,"z":-35.869075775146487},"rotation":{"x":0.27539360523223879,"y":-0.003462516237050295,"z":0.0009917202405631543,"w":0.9613270163536072},"size":26.41313362121582,"orthographic":false}