{"cameraMode":{"drawMode":0,"name":"Shaded","section":"Shading Mode"},"sceneLighting":false,"audioPlay":false,"sceneViewState":{"m_AlwaysRefresh":false,"showFog":true,"showSkybox":false,"showFlares":true,"showImageEffects":true,"showParticleSystems":true,"showVisualEffectGraphs":true,"m_FxEnabled":true},"in2DMode":false,"pivot":{"x":-15.547248840332032,"y":-10.629422187805176,"z":-11.114811897277832},"rotation":{"x":0.1775035411119461,"y":-0.18969307839870454,"z":0.03470829501748085,"w":0.9653564691543579},"size":41.551265716552737,"orthographic":false}