{"cameraMode":{"drawMode":0,"name":"Shaded","section":"Shading Mode"},"sceneLighting":false,"audioPlay":false,"sceneViewState":{"m_AlwaysRefresh":false,"showFog":true,"showSkybox":false,"showFlares":true,"showImageEffects":true,"showParticleSystems":true,"showVisualEffectGraphs":true,"m_FxEnabled":true},"in2DMode":false,"pivot":{"x":-0.14001698791980744,"y":0.5756354331970215,"z":-5.403726100921631},"rotation":{"x":0.3015457093715668,"y":0.023570336401462556,"z":-0.008199278265237809,"w":0.9535201787948608},"size":35.174930572509769,"orthographic":false}