{"cameraMode":{"drawMode":0,"name":"Shaded","section":"Shading Mode"},"sceneLighting":false,"audioPlay":false,"sceneViewState":{"m_AlwaysRefresh":false,"showFog":true,"showSkybox":false,"showFlares":true,"showImageEffects":true,"showParticleSystems":true,"showVisualEffectGraphs":true,"m_FxEnabled":true},"in2DMode":false,"pivot":{"x":-3.844390869140625,"y":12.483316421508789,"z":3.156508207321167},"rotation":{"x":0.3015457093715668,"y":0.023570336401462556,"z":-0.008199278265237809,"w":0.9535201787948608},"size":17.063636779785158,"orthographic":false}