{"cameraMode":{"drawMode":0,"name":"Shaded","section":"Shading Mode"},"sceneLighting":false,"audioPlay":false,"sceneViewState":{"m_AlwaysRefresh":false,"showFog":true,"showSkybox":false,"showFlares":true,"showImageEffects":true,"showParticleSystems":true,"showVisualEffectGraphs":true,"m_FxEnabled":true},"in2DMode":false,"pivot":{"x":5.947474479675293,"y":-47.100215911865237,"z":-336.2388000488281},"rotation":{"x":0.0006451732479035854,"y":0.996060311794281,"z":-0.09170649945735932,"w":0.008271200582385064},"size":197.78009033203126,"orthographic":false}