{"cameraMode":{"drawMode":0,"name":"Shaded","section":"Shading Mode"},"sceneLighting":false,"audioPlay":false,"sceneViewState":{"m_AlwaysRefresh":false,"showFog":true,"showSkybox":false,"showFlares":true,"showImageEffects":true,"showParticleSystems":true,"showVisualEffectGraphs":true,"m_FxEnabled":true},"in2DMode":false,"pivot":{"x":-15.610343933105469,"y":-124.30931091308594,"z":286.994873046875},"rotation":{"x":-0.19556549191474915,"y":0.019055118784308435,"z":-0.003695012303069234,"w":-0.9808067679405212},"size":208.6039581298828,"orthographic":false}