{"cameraMode":{"drawMode":0,"name":"Shaded","section":"Shading Mode"},"sceneLighting":false,"audioPlay":false,"sceneViewState":{"m_AlwaysRefresh":false,"showFog":true,"showSkybox":false,"showFlares":true,"showImageEffects":true,"showParticleSystems":true,"showVisualEffectGraphs":true,"m_FxEnabled":true},"in2DMode":false,"pivot":{"x":6.014341831207275,"y":7.61338472366333,"z":-0.41016632318496706},"rotation":{"x":-0.17639899253845216,"y":0.020604858174920083,"z":-0.0035561504773795606,"w":-0.9844021797180176},"size":44.067989349365237,"orthographic":false}