{"cameraMode":{"drawMode":0,"name":"Shaded","section":"Shading Mode"},"sceneLighting":false,"audioPlay":false,"sceneViewState":{"m_AlwaysRefresh":false,"showFog":true,"showSkybox":false,"showFlares":true,"showImageEffects":true,"showParticleSystems":true,"showVisualEffectGraphs":true,"m_FxEnabled":true},"in2DMode":false,"pivot":{"x":-6.406824588775635,"y":18.812524795532228,"z":-4.068853855133057},"rotation":{"x":0.16312533617019654,"y":-0.01845952682197094,"z":0.002232539001852274,"w":0.9868156909942627},"size":15.654850959777832,"orthographic":false}