{"cameraMode":{"drawMode":0,"name":"Shaded","section":"Shading Mode"},"sceneLighting":false,"audioPlay":false,"sceneViewState":{"m_AlwaysRefresh":false,"showFog":true,"showSkybox":false,"showFlares":true,"showImageEffects":true,"showParticleSystems":true,"showVisualEffectGraphs":true,"m_FxEnabled":true},"in2DMode":false,"pivot":{"x":0.984571099281311,"y":23.344146728515626,"z":-2.248886823654175},"rotation":{"x":0.16312533617019654,"y":-0.01845952682197094,"z":0.002232539001852274,"w":0.9868156909942627},"size":31.650646209716798,"orthographic":false}