{"cameraMode":{"drawMode":0,"name":"Shaded","section":"Shading Mode"},"sceneLighting":false,"audioPlay":false,"sceneViewState":{"m_AlwaysRefresh":false,"showFog":true,"showSkybox":false,"showFlares":true,"showImageEffects":true,"showParticleSystems":true,"showVisualEffectGraphs":true,"m_FxEnabled":true},"in2DMode":false,"pivot":{"x":19.700712203979493,"y":-46.60359573364258,"z":82.49253845214844},"rotation":{"x":0.3015457093715668,"y":0.023570336401462556,"z":-0.008199278265237809,"w":0.9535201787948608},"size":90.17048645019531,"orthographic":false}