{"cameraMode":{"drawMode":0,"name":"Shaded","section":"Shading Mode"},"sceneLighting":false,"audioPlay":false,"sceneViewState":{"m_AlwaysRefresh":false,"showFog":true,"showSkybox":false,"showFlares":true,"showImageEffects":true,"showParticleSystems":true,"showVisualEffectGraphs":true,"m_FxEnabled":true},"in2DMode":false,"pivot":{"x":-7.3472371101379398,"y":-76.0597915649414,"z":152.3624725341797},"rotation":{"x":0.20295412838459016,"y":-0.015367405489087105,"z":0.0025903561618179085,"w":0.9794550538063049},"size":103.737060546875,"orthographic":false}