{"cameraMode":{"drawMode":0,"name":"Shaded","section":"Shading Mode"},"sceneLighting":false,"audioPlay":false,"sceneViewState":{"m_AlwaysRefresh":false,"showFog":true,"showSkybox":false,"showFlares":true,"showImageEffects":true,"showParticleSystems":true,"showVisualEffectGraphs":true,"m_FxEnabled":true},"in2DMode":false,"pivot":{"x":-4.5076704025268559,"y":-81.45427703857422,"z":150.11538696289063},"rotation":{"x":0.20295412838459016,"y":-0.015367405489087105,"z":0.0025903561618179085,"w":0.9794550538063049},"size":146.33319091796876,"orthographic":false}