{"cameraMode":{"drawMode":0,"name":"Shaded","section":"Shading Mode"},"sceneLighting":false,"audioPlay":false,"sceneViewState":{"m_AlwaysRefresh":false,"showFog":true,"showSkybox":false,"showFlares":true,"showImageEffects":true,"showParticleSystems":true,"showVisualEffectGraphs":true,"m_FxEnabled":true},"in2DMode":false,"pivot":{"x":-11.016231536865235,"y":-85.02628326416016,"z":53.69065856933594},"rotation":{"x":0.41565659642219546,"y":-0.038969483226537707,"z":0.028738750144839288,"w":0.908984363079071},"size":107.78882598876953,"orthographic":false}