{"cameraMode":{"drawMode":0,"name":"Shaded","section":"Shading Mode"},"sceneLighting":false,"audioPlay":false,"sceneViewState":{"m_AlwaysRefresh":false,"showFog":true,"showSkybox":false,"showFlares":true,"showImageEffects":true,"showParticleSystems":true,"showVisualEffectGraphs":true,"m_FxEnabled":true},"in2DMode":false,"pivot":{"x":1.8011226654052735,"y":1.2378324270248414,"z":-3.5710554122924806},"rotation":{"x":-0.20922677218914033,"y":0.21932686865329743,"z":-0.04812942445278168,"w":-0.9520535469055176},"size":2.456130266189575,"orthographic":false}