{"cameraMode":{"drawMode":0,"name":"Shaded","section":"Shading Mode"},"sceneLighting":false,"audioPlay":false,"sceneViewState":{"m_AlwaysRefresh":false,"showFog":true,"showSkybox":false,"showFlares":true,"showImageEffects":true,"showParticleSystems":true,"showVisualEffectGraphs":true,"m_FxEnabled":true},"in2DMode":false,"pivot":{"x":-0.19519522786140443,"y":1.0185906887054444,"z":-2.6801161766052248},"rotation":{"x":0.4356398582458496,"y":-0.06393124163150788,"z":0.030786054208874704,"w":0.8976590633392334},"size":8.774555206298829,"orthographic":false}