{"cameraMode":{"drawMode":0,"name":"Shaded","section":"Shading Mode"},"sceneLighting":false,"audioPlay":false,"sceneViewState":{"m_AlwaysRefresh":false,"showFog":true,"showSkybox":false,"showFlares":true,"showImageEffects":true,"showParticleSystems":true,"showVisualEffectGraphs":true,"m_FxEnabled":true},"in2DMode":false,"pivot":{"x":-0.11660096049308777,"y":1.2912815809249879,"z":-0.6649852395057678},"rotation":{"x":-0.09089205414056778,"y":-0.3154546320438385,"z":-0.02669280208647251,"w":0.9448830485343933},"size":3.112476348876953,"orthographic":false}