{"cameraMode":{"drawMode":0,"name":"Shaded","section":"Shading Mode"},"sceneLighting":false,"audioPlay":false,"sceneViewState":{"m_AlwaysRefresh":false,"showFog":true,"showSkybox":false,"showFlares":true,"showImageEffects":true,"showParticleSystems":true,"showVisualEffectGraphs":true,"m_FxEnabled":true},"in2DMode":false,"pivot":{"x":8.455265998840332,"y":-8.796801567077637,"z":-12.799914360046387},"rotation":{"x":0.00041904361569322646,"y":-0.9458480477333069,"z":0.3144265413284302,"w":0.09422887861728668},"size":8.317895889282227,"orthographic":false}