{"cameraMode":{"drawMode":0,"name":"Shaded","section":"Shading Mode"},"sceneLighting":false,"audioPlay":false,"sceneViewState":{"m_AlwaysRefresh":false,"showFog":true,"showSkybox":false,"showFlares":true,"showImageEffects":true,"showParticleSystems":true,"showVisualEffectGraphs":true,"m_FxEnabled":true},"in2DMode":false,"pivot":{"x":2.4881982803344728,"y":-2.619560718536377,"z":-1.3681249618530274},"rotation":{"x":0.2186765819787979,"y":-0.019615227356553079,"z":0.004392881412059069,"w":0.9756024479866028},"size":28.91236686706543,"orthographic":false}