{"cameraMode":{"drawMode":0,"name":"Shaded","section":"Shading Mode"},"sceneLighting":false,"audioPlay":false,"sceneViewState":{"m_AlwaysRefresh":false,"showFog":true,"showSkybox":false,"showFlares":true,"showImageEffects":true,"showParticleSystems":true,"showVisualEffectGraphs":true,"m_FxEnabled":true},"in2DMode":false,"pivot":{"x":-7.925208568572998,"y":-1.537035346031189,"z":-120.35018157958985},"rotation":{"x":0.007592238951474428,"y":1.0001444816589356,"z":-0.010999593883752823,"w":-0.02425249293446541},"size":79.09626770019531,"orthographic":false}