{"cameraMode":{"drawMode":0,"name":"Shaded","section":"Shading Mode"},"sceneLighting":false,"audioPlay":false,"sceneViewState":{"m_AlwaysRefresh":false,"showFog":true,"showSkybox":false,"showFlares":true,"showImageEffects":true,"showParticleSystems":true,"showVisualEffectGraphs":true,"m_FxEnabled":true},"in2DMode":false,"pivot":{"x":4.509895324707031,"y":-56.36629867553711,"z":-66.36124420166016},"rotation":{"x":0.012305513955652714,"y":0.9705197215080261,"z":-0.24229735136032105,"w":0.016873393207788469},"size":79.09626770019531,"orthographic":false}