{"cameraMode":{"drawMode":0,"name":"Shaded","section":"Shading Mode"},"sceneLighting":false,"audioPlay":false,"sceneViewState":{"m_AlwaysRefresh":false,"showFog":true,"showSkybox":false,"showFlares":true,"showImageEffects":true,"showParticleSystems":true,"showVisualEffectGraphs":true,"m_FxEnabled":true},"in2DMode":false,"pivot":{"x":3.7476119995117189,"y":0.4450848400592804,"z":1.868589162826538},"rotation":{"x":-0.1016058623790741,"y":-0.058469969779253009,"z":-0.003426491981372237,"w":-0.9931159615516663},"size":25.00220489501953,"orthographic":false}