{"cameraMode":{"drawMode":0,"name":"Shaded","section":"Shading Mode"},"sceneLighting":false,"audioPlay":false,"sceneViewState":{"m_AlwaysRefresh":false,"showFog":true,"showSkybox":false,"showFlares":true,"showImageEffects":true,"showParticleSystems":true,"showVisualEffectGraphs":true,"m_FxEnabled":true},"in2DMode":false,"pivot":{"x":0.8602949380874634,"y":17.27113914489746,"z":-46.34602737426758},"rotation":{"x":0.33111512660980227,"y":-0.047213777899742129,"z":0.016435857862234117,"w":0.9425891637802124},"size":12.775069236755371,"orthographic":false}