{"cameraMode":{"drawMode":0,"name":"Shaded","section":"Shading Mode"},"sceneLighting":false,"audioPlay":false,"sceneViewState":{"m_AlwaysRefresh":false,"showFog":true,"showSkybox":false,"showFlares":true,"showImageEffects":true,"showParticleSystems":true,"showVisualEffectGraphs":true,"m_FxEnabled":true},"in2DMode":false,"pivot":{"x":2.25175404548645,"y":-1.3606321811676026,"z":-1.4890527725219727},"rotation":{"x":0.19683393836021424,"y":-0.04904256388545036,"z":0.009700908325612545,"w":0.9794734716415405},"size":30.525943756103517,"orthographic":false}