{"cameraMode":{"drawMode":0,"name":"Shaded","section":"Shading Mode"},"sceneLighting":false,"audioPlay":false,"sceneViewState":{"m_AlwaysRefresh":false,"showFog":true,"showSkybox":false,"showFlares":true,"showImageEffects":true,"showParticleSystems":true,"showVisualEffectGraphs":true,"m_FxEnabled":true},"in2DMode":false,"pivot":{"x":-2.793783664703369,"y":12.119848251342774,"z":-21.141756057739259},"rotation":{"x":-0.17040739953517915,"y":0.03687266632914543,"z":-0.006296300794929266,"w":-0.9849667549133301},"size":31.226865768432618,"orthographic":false}