{"cameraMode":{"drawMode":0,"name":"Shaded","section":"Shading Mode"},"sceneLighting":false,"audioPlay":false,"sceneViewState":{"m_AlwaysRefresh":false,"showFog":true,"showSkybox":false,"showFlares":true,"showImageEffects":true,"showParticleSystems":true,"showVisualEffectGraphs":true,"m_FxEnabled":true},"in2DMode":false,"pivot":{"x":-11.870004653930664,"y":-3.2120442390441896,"z":-3.6870057582855226},"rotation":{"x":0.19683393836021424,"y":-0.04904256388545036,"z":0.009700908325612545,"w":0.9794734716415405},"size":54.09794998168945,"orthographic":false}