{"cameraMode":{"drawMode":0,"name":"Shaded","section":"Shading Mode"},"sceneLighting":false,"audioPlay":false,"sceneViewState":{"m_AlwaysRefresh":false,"showFog":true,"showSkybox":false,"showFlares":true,"showImageEffects":true,"showParticleSystems":true,"showVisualEffectGraphs":true,"m_FxEnabled":true},"in2DMode":false,"pivot":{"x":1.489368200302124,"y":6.957724094390869,"z":-54.59002685546875},"rotation":{"x":0.33111512660980227,"y":-0.047213777899742129,"z":0.016435857862234117,"w":0.9425891637802124},"size":17.787389755249025,"orthographic":false}