{"cameraMode":{"drawMode":0,"name":"Shaded","section":"Shading Mode"},"sceneLighting":false,"audioPlay":false,"sceneViewState":{"m_AlwaysRefresh":false,"showFog":true,"showSkybox":false,"showFlares":true,"showImageEffects":true,"showParticleSystems":true,"showVisualEffectGraphs":true,"m_FxEnabled":true},"in2DMode":false,"pivot":{"x":-19.63414764404297,"y":7.937449932098389,"z":16.367950439453126},"rotation":{"x":0.5285984873771668,"y":0.010963120497763157,"z":-0.0070030102506279949,"w":0.849137544631958},"size":77.31562042236328,"orthographic":false}