{"cameraMode":{"drawMode":0,"name":"Shaded","section":"Shading Mode"},"sceneLighting":false,"audioPlay":false,"sceneViewState":{"m_AlwaysRefresh":false,"showFog":true,"showSkybox":false,"showFlares":true,"showImageEffects":true,"showParticleSystems":true,"showVisualEffectGraphs":true,"m_FxEnabled":true},"in2DMode":false,"pivot":{"x":-7.940818786621094,"y":-7.184085369110107,"z":85.56573486328125},"rotation":{"x":0.06627777963876724,"y":-0.013978890143334866,"z":0.0007734138634987176,"w":0.9980133175849915},"size":97.04048919677735,"orthographic":false}